B2	immediate_early
B7	immediate_early
DR3-L	immediate_early
U37	immediate_early
U45	immediate_early
U62	immediate_early
U94	immediate_early
U86	immediate_early
U95	immediate_early
U90	immediate_early
U2	intermediate_early_early
U39	intermediate_early_early
U4	intermediate_early_early
U40	intermediate_early_early
U59	intermediate_early_early
U64	intermediate_early_early
U38	intermediate_early_early
B6	early
B8	early
U10	early
U12	early
U13	early
U15	early
U17	early
U19	early
U20	early
U22	early
U23	early
U25	early
U28	early
U29	early
U3	early
U30	early
U31	early
U32	early
U33	early
U34	early
U35	early
U36	early
U42	early
U43	early
U44	early
U47	early
U48	early
U49	early
U52	early
U53	early
U55	early
U57	early
U58	early
U63	early
U66	early
U67	early
U68	early
U69	early
U72	early
U73	early
U74	early
U76	early
U77	early
U8	early
U81	early
U9	early
U7	early
U26	early
U54	early
U14	early
U18	early
U41	early
U85	early
U27	early
U79-1	early
U51	early
U79-2	early
B1-L	late
B3-R	late
B4	late
B5	late
B9	late
DR1-L	late
DR6-L	late
U100-gQ2	late
U11	late
U46	late
U50	late
U56	late
U6	late
U65	late
U70	late
U71	late
U75	late
U82	late
U83	late
U84	late
U21	late
U24A	late
U24	late
U91	late
